/* READ THIS - First Execute Schema Only File, and then Execute this File.*/

USE [FakeSteamDB]
GO
SET IDENTITY_INSERT [dbo].[ProductCategories] ON 

INSERT [dbo].[ProductCategories] ([CategoryId], [Category]) VALUES (1, N'action')
INSERT [dbo].[ProductCategories] ([CategoryId], [Category]) VALUES (2, N'strategy')
INSERT [dbo].[ProductCategories] ([CategoryId], [Category]) VALUES (3, N'retro')
SET IDENTITY_INSERT [dbo].[ProductCategories] OFF
GO
SET IDENTITY_INSERT [dbo].[Offers] ON 

INSERT [dbo].[Offers] ([OfferId], [Title], [Discount]) VALUES (1, N'black friday', 25)
INSERT [dbo].[Offers] ([OfferId], [Title], [Discount]) VALUES (2, N'christmas sale', 15)
INSERT [dbo].[Offers] ([OfferId], [Title], [Discount]) VALUES (3, N'october special', 5)
INSERT [dbo].[Offers] ([OfferId], [Title], [Discount]) VALUES (4, N'crazy shopping sale', 40)
INSERT [dbo].[Offers] ([OfferId], [Title], [Discount]) VALUES (5, N'cyber monday', 10)
SET IDENTITY_INSERT [dbo].[Offers] OFF
GO
SET IDENTITY_INSERT [dbo].[Products] ON 

INSERT [dbo].[Products] ([ProductId], [Title], [Description], [CategoryId], [OfferId], [Price], [Quantity], [ImageName]) VALUES (1, N'Assassins Creed Black Flag', N'Is a 2013 action-adventure video game developed by Ubisoft Montreal and published by Ubisoft. It is the sixth major installment in the Assassins Creed series. Its historical timeframe precedes that of Assassins Creed III (2012), but its modern-day sequences succeed III own. Black Flag was originally released for PlayStation 3, Xbox 360, and Wii U in October 2013 and a month later for PlayStation 4, Xbox One, and Microsoft Windows. It was later re-released on the Nintendo Switch as part of The Rebel Collection alongside Assassins Creed Rogue in December 2019. The game was released for Google Stadia in September 2021.', 1, 1, 20, 560, N'')
INSERT [dbo].[Products] ([ProductId], [Title], [Description], [CategoryId], [OfferId], [Price], [Quantity], [ImageName]) VALUES (2, N'Assassins Creed Syndicate', N'Assassins Creed Syndicate is an action-adventure video game developed by Ubisoft Quebec and published by Ubisoft. It was released on October 23, 2015, for PlayStation 4 and Xbox One, and on November 19, 2015, for Microsoft Windows. It is the ninth major installment in the Assassins Creed series, and the successor to 2014s Assassins Creed Unity. ', 1, 3, 20, 120, N'')
INSERT [dbo].[Products] ([ProductId], [Title], [Description], [CategoryId], [OfferId], [Price], [Quantity], [ImageName]) VALUES (3, N'Call Of Dutty Ghost', N'Call of Duty: Ghosts is a 2013 first-person shooter video game developed by Infinity Ward and published by Activision. It is the tenth major installment in the Call of Duty series and the sixth developed by Infinity Ward. It was released for Microsoft Windows, PlayStation 3, Xbox 360, and Wii U on November 5, 2013. The game was released with the launch of the PlayStation 4 and Xbox One.', 1, 2, 20, 766, N'')
INSERT [dbo].[Products] ([ProductId], [Title], [Description], [CategoryId], [OfferId], [Price], [Quantity], [ImageName]) VALUES (4, N'Call Of Dutty Modern Warfare 2', N'Call of Duty: Modern Warfare 2 is a 2009 first-person shooter game developed by Infinity Ward and published by Activision. It is the sixth installment in the Call of Duty series and the direct sequel to Call of Duty 4: Modern Warfare. It was released worldwide on November 10, 2009, for Microsoft Windows, the PlayStation 3, and Xbox 360. A separate version for the Nintendo DS, titled Modern Warfare: Mobilized, was also released on the same day. A version for macOS was developed by Aspyr and released in May 2014, and the Xbox 360 version was made backward compatible for the Xbox One in 2018.', 1, 1, 20, 200, N'')
INSERT [dbo].[Products] ([ProductId], [Title], [Description], [CategoryId], [OfferId], [Price], [Quantity], [ImageName]) VALUES (5, N'PREY', N'Prey is a first-person shooter immersive sim video game developed by Arkane Austin and published by Bethesda Softworks. It was released worldwide on 5 May 2017, for Microsoft Windows, PlayStation 4 and Xbox One.', 1, 1, 20, 120, N'')
INSERT [dbo].[Products] ([ProductId], [Title], [Description], [CategoryId], [OfferId], [Price], [Quantity], [ImageName]) VALUES (6, N'Resident Evil 2', N'Resident Evil 2, known in Japan as Biohazard RE:2 (バイオハザード RE:2 Baiohazādo RE:2?) is a survival horror game developed and published by Capcom. A remake of the original 1998 Resident Evil 2 game, it follows rookie police officer Leon S. Kennedy and student Claire Redfield as they attempt to escape from Raccoon City during a zombie apocalypse. It was released worldwide for the PlayStation 4, Windows, and Xbox One on January 25, 2019. Critics praised the game for its presentation, gameplay, and faithfulness to the original.', 1, 5, 25, 245, N'')
INSERT [dbo].[Products] ([ProductId], [Title], [Description], [CategoryId], [OfferId], [Price], [Quantity], [ImageName]) VALUES (7, N'WatchDogs 2', N'Watch Dogs 2, stylized as WATCH_DOGS 2, is an open-world action-adventure third-person video game developed by Ubisoft Montreal and published by Ubisoft. It was released worldwide on November 15, 2016, for PlayStation 4 and Xbox One, with a PC port released on November 29, 2016. ', 1, 3, 20, 320, N'')
INSERT [dbo].[Products] ([ProductId], [Title], [Description], [CategoryId], [OfferId], [Price], [Quantity], [ImageName]) VALUES (8, N'The Witcher 3: Wild Hunt', N'The Witcher 3: Wild Hunt is a 2015 action role-playing game developed and published by CD Projekt. It is the sequel to the 2011 game The Witcher 2: Assassins of Kings and the third game in The Witcher video game series, played in an open world with a third-person perspective. The games are based on The Witcher series of fantasy novels written by Andrzej Sapkowski. ', 1, 4, 30, 344, N'')
INSERT [dbo].[Products] ([ProductId], [Title], [Description], [CategoryId], [OfferId], [Price], [Quantity], [ImageName]) VALUES (9, N'Red Dead Redemption 2', N'Red Dead Redemption 2 is a 2018 action-adventure game developed and published by Rockstar Games. The game is the third entry in the Red Dead series and a prequel to the 2010 game Red Dead Redemption. The story is set in 1899 and follows the exploits of outlaw Arthur Morgan, a member of the Van der Linde gang, in a fictionalized representation of the Western, Midwestern, and Southern United States. Arthur must deal with the decline of the Wild West whilst attempting to survive against government forces, rival gangs, and other adversaries. The games epilogue follows fellow gang member John Marston, the protagonist of Red Dead Redemption.', 1, 5, 60, 256, N'')
INSERT [dbo].[Products] ([ProductId], [Title], [Description], [CategoryId], [OfferId], [Price], [Quantity], [ImageName]) VALUES (10, N'Days Gone', N'Days Gone is a 2019 action-adventure video game developed by Bend Studio and published by Sony Interactive Entertainment. The game is set in post-apocalyptic Oregon two years after the start of a pandemic that turned a portion of humanity into vicious zombie-like creatures (called Freakers). Former outlaw-turned-drifter Deacon St. John discovers his wife Sarah, having been assumed dead, may still be alive and goes on a quest to find her. Days Gone is played from a third-person perspective in which the player can explore an open world environment. Players can use firearms, melee weapons and improvised weapons, and can use stealth to defend themselves against hostile humans and cannibalistic creatures known as Freakers. A major game mechanic is Deacons motorcycle, which is used as the player characters main mode of transportation and an extra (mobile) ammo stash.', 1, 2, 40, 250, N'')
INSERT [dbo].[Products] ([ProductId], [Title], [Description], [CategoryId], [OfferId], [Price], [Quantity], [ImageName]) VALUES (11, N'Grand Theft Auto V', N'Grand Theft Auto V is a 2013 action-adventure game developed by Rockstar North and published by Rockstar Games. It is the seventh main entry in the Grand Theft Auto series, following 2008 Grand Theft Auto IV, and the fifteenth instalment overall. Set within the fictional state of San Andreas, based on Southern California, the single-player story follows three protagonists—retired bank robber Michael De Santa, street gangster Franklin Clinton, and drug dealer and gunrunner Trevor Philips—and their attempts to commit heists while under pressure from a corrupt government agency and powerful criminals. The open world design lets players freely roam San Andreas open countryside and the fictional city of Los Santos, based on Los Angeles.', 1, 1, 25, 200, N'')
INSERT [dbo].[Products] ([ProductId], [Title], [Description], [CategoryId], [OfferId], [Price], [Quantity], [ImageName]) VALUES (12, N'Age Of Empires IV', N'Age of Empires IV is a real-time strategy video game developed by Relic Entertainment in partnership with Worlds Edge and published by Xbox Game Studios. It is the fourth installment of the Age of Empires series. The game was released October 28, 2021 for Windows. It is also scheduled to release for Xbox One and Xbox Series X/S in 2023.', 2, 5, 50, 178, N'')
INSERT [dbo].[Products] ([ProductId], [Title], [Description], [CategoryId], [OfferId], [Price], [Quantity], [ImageName]) VALUES (13, N'Total War: Rome II', N'Total War: Rome II is a strategy video game developed by Creative Assembly and published by Sega. It was released on 3 September 2013, for Microsoft Windows[4] as the eighth standalone game in the Total War series of video games and the successor to the 2004 game Rome: Total War.', 2, 2, 20, 350, N'')
INSERT [dbo].[Products] ([ProductId], [Title], [Description], [CategoryId], [OfferId], [Price], [Quantity], [ImageName]) VALUES (14, N'Total War: Attila', N'Total War: Attila is a strategy video game developed by Creative Assembly and published by Sega, released on 17 February 2015 for Microsoft Windows, macOS, and Linux. It is the ninth standalone game in the Total War series. ', 2, 2, 20, 120, N'')
INSERT [dbo].[Products] ([ProductId], [Title], [Description], [CategoryId], [OfferId], [Price], [Quantity], [ImageName]) VALUES (15, N'Civilization VI', N'Sid Meiers Civilization VI is a turn-based strategy 4X video game developed by Firaxis Games, published by 2K Games, and distributed by Take-Two Interactive. The Mobile port was published by Aspyr Media. The latest entry into the Civilization series, it was released on Microsoft Windows and macOS in October 2016, with later ports for Linux in February 2017, iOS in December 2017, Nintendo Switch in November 2018, PlayStation 4 and Xbox One in November 2019 and Android in 2020.', 2, 4, 10, 400, N'')
INSERT [dbo].[Products] ([ProductId], [Title], [Description], [CategoryId], [OfferId], [Price], [Quantity], [ImageName]) VALUES (16, N'XCOM II', N'XCOM II is a 2016 turn-based tactics video game developed by Firaxis Games and published by 2K Games. It is the sequel to 2012 reboot of the series, XCOM: Enemy Unknown; it takes place 20 years after the events of Enemy Unknown. XCOM, a military organization trying to fight off an alien invasion, has lost the war and is now a resistance force against the occupation of Earth and the established totalitarian regime and military dictatorship. Gameplay is split between turn-based combat in which players command a squad of soldiers to fight enemies, and strategy elements in which players manage and control the operations of the Avenger, an alien ship that is used as a mobile base for XCOM. ', 2, 5, 15, 344, N'')
INSERT [dbo].[Products] ([ProductId], [Title], [Description], [CategoryId], [OfferId], [Price], [Quantity], [ImageName]) VALUES (17, N'Warcraft III: Reforged', N'WarCraft III: Reforged is a remastered edition of the 2002 real-time strategy video game Warcraft III: Reign of Chaos and its expansion The Frozen Throne. Released on January 28, 2020, it adds revamped graphics, new campaign gameplay settings as well as modern online Battle.net features. The game received mixed reviews from critics and an overwhelmingly negative reception from players for its changes from the original, the lack of many announced features and technical issues. ', 2, 3, 50, 400, N'')
INSERT [dbo].[Products] ([ProductId], [Title], [Description], [CategoryId], [OfferId], [Price], [Quantity], [ImageName]) VALUES (18, N'Age Of Empires III', N'Age of Empires III is a real-time strategy video game developed by Microsoft Corporation Ensemble Studios and published by Microsoft Game Studios. The Mac version was ported over and developed and published by Destineer MacSoft. The PC version was released on October 18, 2005, in North America and November 4, 2005, in Europe, while the Mac version was released on November 21, 2006, in North America and September 29, 2006, in Europe. An N-Gage version of the game developed by Glu Mobile was released on April 28, 2009. It is the third game of the Age of Empires series and the sequel to Age of Empires II: The Age of Kings. A remaster titled Age of Empires III: Definitive Edition was released on October 15, 2020. Its successor, Age of Empires IV was released October 28, 2021, for Windows. ', 2, 1, 10, 500, N'')
INSERT [dbo].[Products] ([ProductId], [Title], [Description], [CategoryId], [OfferId], [Price], [Quantity], [ImageName]) VALUES (19, N'Metal Slug Complete Saga', N'Metal Slug[a] is a 1996 run and gun arcade video game originally developed by Nazca Corporation and released by SNK for the Neo Geo MVS. It is the first installment in the eponymous series. Set in 2028, players assume the role of Peregrine Falcon Strike Force soldiers Marco Rossi and Tarma Roving on a fight against the Rebel Army led by Donald Morden and overthrow his coup détat to prevent a New World Order. ', 3, 1, 15, 200, N'')
INSERT [dbo].[Products] ([ProductId], [Title], [Description], [CategoryId], [OfferId], [Price], [Quantity], [ImageName]) VALUES (20, N'Street Fighter 30 Anniversary', N'Street Fighter 30th Anniversary Collection is a compilation of competitive fighting games from the Street Fighter series developed by Digital Eclipse and published by Capcom in celebration of the series 30th anniversary. The collection was released for Nintendo Switch, PlayStation 4, Windows and Xbox One in May 2018.', 3, 2, 15, 800, N'')
SET IDENTITY_INSERT [dbo].[Products] OFF
GO
SET IDENTITY_INSERT [dbo].[PaymentMethods] ON 

INSERT [dbo].[PaymentMethods] ([PaymentMethodId], [Type], [Provider], [Available], [Reason]) VALUES (1, N'Cash', N'', N'True', N'')
INSERT [dbo].[PaymentMethods] ([PaymentMethodId], [Type], [Provider], [Available], [Reason]) VALUES (2, N'Card Payment', N'Bank', N'True', N'')
INSERT [dbo].[PaymentMethods] ([PaymentMethodId], [Type], [Provider], [Available], [Reason]) VALUES (3, N'Net Banking', N'ICBC', N'True', N'')
INSERT [dbo].[PaymentMethods] ([PaymentMethodId], [Type], [Provider], [Available], [Reason]) VALUES (4, N'Net Banking', N'HSBC', N'True', N'')
INSERT [dbo].[PaymentMethods] ([PaymentMethodId], [Type], [Provider], [Available], [Reason]) VALUES (5, N'Net Banking', N'Bank of Machasusets', N'False', N'server down')
INSERT [dbo].[PaymentMethods] ([PaymentMethodId], [Type], [Provider], [Available], [Reason]) VALUES (6, N'UPI', N'Google Pay', N'True', N'')
INSERT [dbo].[PaymentMethods] ([PaymentMethodId], [Type], [Provider], [Available], [Reason]) VALUES (7, N'UPI', N'Phone Pay', N'True', N'')
INSERT [dbo].[PaymentMethods] ([PaymentMethodId], [Type], [Provider], [Available], [Reason]) VALUES (8, N'UPI', N'BINANCE Pay', N'True', N'')
SET IDENTITY_INSERT [dbo].[PaymentMethods] OFF
GO
